Workbook

Sheet Resumo Comparativo
A1: SOUFER TOOLS - COMPARATIVO DE CUSTOS EM NUVEM (AWS vs AZURE vs GCP)
A3: Estimativa Mensal e Anual de Custos de Infraestrutura | Região Base: US East (N. Virginia / East US / us-central1) | Cotação Fixada: USD 1.00 = R$ 5,50
A5: Cotação USD/BRL: | B5: 5.5 | D5: Data da Simulação: | E5: Setembro / 2026 | F5: Responsável Técnico: | H5: Guilherme Portilho
A11: TABELA 1: COMPOSIÇÃO DE CUSTOS MENSAIS POR COMPONENTE (Cenário Base Recomendado - PaaS / DBaaS Gerenciado)
A12: Componente da Arquitetura | B12: Modelo | C12: AWS (USD) | D12: AWS (BRL) | E12: Azure (USD) | F12: Azure (BRL) | G12: GCP (USD) | H12: GCP (BRL) | I12: Média (USD) | J12: Menor Custo
A13: API / Back-end (Compute + OS Disk) | B13: IaaS | C13: ='AWS - Detalhamento'!G6 -> 9.99 | D13: =C13*$B$5 -> 54.945 | E13: ='Azure - Detalhamento'!G6 -> 9.99 | F13: =E13*$B$5 -> 54.945 | G13: ='GCP - Detalhamento'!G6 -> 9.11 | H13: =G13*$B$5 -> 50.105 | I13: =AVERAGE(C13,E13,G13) -> 9.6966667 | J13: GCP ($9.11)
A14: Front-end Hosting (Storage + Ops) | B14: PaaS | C14: ='AWS - Detalhamento'!G11 -> 0.05 | D14: =C14*$B$5 -> 0.275 | E14: ='Azure - Detalhamento'!G11 -> 0.06 | F14: =E14*$B$5 -> 0.33 | G14: ='GCP - Detalhamento'!G11 -> 0.04 | H14: =G14*$B$5 -> 0.22 | I14: =AVERAGE(C14,E14,G14) -> 0.05 | J14: Azure/GCP ($0.24)
A15: CDN & Egress (100GB Out + SSL) | B15: Edge/CDN | C15: ='AWS - Detalhamento'!G14 -> 1 | D15: =C15*$B$5 -> 5.5 | E15: ='Azure - Detalhamento'!G14 -> 0 | F15: =E15*$B$5 -> 0 | G15: ='GCP - Detalhamento'!G14 -> 2.5 | H15: =G15*$B$5 -> 13.75 | I15: =AVERAGE(C15,E15,G15) -> 1.1666667 | J15: AWS ($1.00)
A16: Banco de Dados (PostgreSQL Gerenciado) | B16: DBaaS | C16: ='AWS - Detalhamento'!G19 -> 2.8 | D16: =C16*$B$5 -> 15.4 | E16: ='Azure - Detalhamento'!G19 -> 1.5 | F16: =E16*$B$5 -> 8.25 | G16: ='GCP - Detalhamento'!G19 -> 0 | H16: =G16*$B$5 -> 0 | I16: =AVERAGE(C16,E16,G16) -> 1.4333333 | J16: GCP ($12.67)
A17: Monitoramento & Logs (CloudWatch/Monitor) | B17: SaaS | C17: ='AWS - Detalhamento'!G22 -> 0 | D17: =C17*$B$5 -> 0 | E17: ='Azure - Detalhamento'!G22 -> 0 | F17: =E17*$B$5 -> 0 | G17: ='GCP - Detalhamento'!G22 -> 0 | H17: =G17*$B$5 -> 0 | I17: =AVERAGE(C17,E17,G17) -> 0 | J17: GCP ($0.00 Free)
A18: TOTAL MENSAL ESTIMADO | B18: USD / BRL | C18: =SUM(C13:C17) -> 13.84 | D18: =C18*$B$5 -> 76.12 | E18: =SUM(E13:E17) -> 11.55 | F18: =E18*$B$5 -> 63.525 | G18: =SUM(G13:G17) -> 11.65 | H18: =G18*$B$5 -> 64.075 | I18: =AVERAGE(C18,E18,G18) -> 12.346667 | J18: AWS ($29.51)
A19: TOTAL ANUAL ESTIMADO (12 Meses) | B19: 1 Ano | C19: =C18*12 -> 166.08 | D19: =D18*12 -> 913.44 | E19: =E18*12 -> 138.6 | F19: =F18*12 -> 762.3 | G19: =G18*12 -> 139.8 | H19: =H18*12 -> 768.9 | I19: =I18*12 -> 148.16 | J19: AWS ($354.12)
A22: TABELA 2: COMPARATIVO ESTRATÉGICO POR CENÁRIOS DE INFRAESTRUTURA
A23: Cenário de Infraestrutura | B23: Descrição Arquitetural | C23: AWS (USD) | D23: AWS (BRL) | E23: Azure (USD) | F23: Azure (BRL) | G23: GCP (USD) | H23: GCP (BRL) | I23: Diferença AWS vs Azure | J23: Diferença AWS vs GCP
A24: Cenário 1: Recomendado (DBaaS Gerenciado) | B24: EC2/VM + S3/Blob/GCS + CDN + RDS/Flexible/CloudSQL | C24: =C18 -> 13.84 | D24: =D18 -> 76.12 | E24: =E18 -> 11.55 | F24: =F18 -> 63.525 | G24: =G18 -> 11.65 | H24: =H18 -> 64.075 | I24: =(E24-C24)/C24 -> -0.16546243 | J24: =(G24-C24)/C24 -> -0.15823699
A25: Cenário 2: Econômico (PostgreSQL Self-Hosted) | B25: PostgreSQL instalado na própria VM EC2/B1s/e2-micro | C25: ='AWS - Detalhamento'!G29 -> 11.04 | D25: =C25*$B$5 -> 60.72 | E25: ='Azure - Detalhamento'!G29 -> 10.05 | F25: =E25*$B$5 -> 55.275 | G25: ='GCP - Detalhamento'!G29 -> 11.65 | H25: =G25*$B$5 -> 64.075 | I25: =(E25-C25)/C25 -> -0.089673913 | J25: =(G25-C25)/C25 -> 0.055253623
A26: Cenário 3: Alta Disponibilidade (Plano B) | B26: Cenário 1 + 2ª Instância em Standby p/ Failover Contínuo | C26: ='AWS - Detalhamento'!G26 -> 23.83 | D26: =C26*$B$5 -> 131.065 | E26: ='Azure - Detalhamento'!G26 -> 21.54 | F26: =E26*$B$5 -> 118.47 | G26: ='GCP - Detalhamento'!G26 -> 20.76 | H26: =G26*$B$5 -> 114.18 | I26: =(E26-C26)/C26 -> -0.096097356 | J26: =(G26-C26)/C26 -> -0.12882921
A29: TABELA 3: MATRIZ DE TRADE-OFFS TÉCNICOS E FINANCEIROS
A30: Critério de Decisão | C30: AWS | E30: Microsoft Azure | G30: Google Cloud (GCP) | I30: Recomendação Soufer
A31: . Custo Total Mensal | C31: Menor ($29.51/mês) devido ao Free Tier do CloudFront (1TB/mês incluso) | E31: Intermediário ($36.51/mês) - CDN cobra $0.081/GB desde 1º GB | G31: Competitivo ($32.52/mês) - Custo equilibrado | I31: AWS é a mais econômica no Cenário Base
A32: . Complexidade Banco Gerenciado | C32: RDS automatiza backups, patches e triggers sem manutenção do SO | E32: Flexible Server entrega 2GB RAM na B1ms (alta estabilidade) | G32: Cloud SQL tem interface simples e backups automáticos nativos | I32: Adotar DBaaS (RDS/Flexible) para evitar risco operacional
A33: . Viabilidade Self-Hosted | C33: Economia de 52% ($14.07/mês), porém exige backup e scripts manuais | E33: Economia de 45% ($19.83/mês) com maior consumo de CPU/RAM | G33: Economia de 39% ($19.85/mês) - e2-micro pode sofrer com burst | I33: Usar apenas em PoC/Dev; Produção requer RDS
A34: . Plano B / Standby Instance | C34: +$9.99/mês para manter EC2 réplica com script de sincronização | E34: +$9.99/mês para manter VM réplica no mesmo VNet | G34: +$9.11/mês para manter GCE réplica em zona secundária | I34: Para contingência ágil, PaaS (Render/Railway) é mais barato

Sheet AWS - Detalhamento
A1: AMAZON WEB SERVICES (AWS) - DETALHAMENTO DE CUSTOS POR ITEM
A3: Região: us-east-1 (N. Virginia) | Calculadora Oficial: https://calculator.aws/ | Taxa de Câmbio: ='Resumo Comparativo'!$B$5
A5: ID | B5: Componente Arquitetura | C5: Serviço no Provedor | D5: Especificação / Configuração | E5: Modelo | F5: Quantidade / Uso | G5: Custo Mensal (USD) | H5: Custo Mensal (BRL) | I5: Notas Técnicas & Racional
B6: SUBTOTAL: API & Compute (Back-end) | G6: =SUM(G7:G8) -> 9.99 | H6: =G6*'Resumo Comparativo'!$B$5 -> 54.945 | I6: Instância EC2 t3.micro + Volume gp3 EBS
A7: AWS-01 | B7: API Back-end Compute | C7: Amazon EC2 | D7: t3.micro (2 vCPU burst, 1 GiB RAM, Linux Ubuntu) | E7: IaaS | F7: 730 horas/mês | G7: 7.59 | H7: =G7*'Resumo Comparativo'!$B$5 -> 41.745 | I7: Taxa on-demand: $0.0104/hora em us-east-1
A8: AWS-02 | B8: API Storage Disco SO | C8: Amazon EBS (gp3) | D8: 30 GB gp3 SSD (3000 IOPS, 125 MB/s) | E8: IaaS Storage | F8: 30 GB/mês | G8: 2.4 | H8: =G8*'Resumo Comparativo'!$B$5 -> 13.2 | I8: $0.08 por GB-mês provisionado
B9: SUBTOTAL: Front-end Hosting | G9: =SUM(G12:G13) -> 13.14 | H9: =G9*'Resumo Comparativo'!$B$5 -> 72.27 | I9: Armazenamento S3 + Requisições HTTP
A10: AWS-03 | B10: Front-end SPA Storage | C10: Amazon S3 Standard | D10: 10 GB de armazenamento padrão (HTML/JS/CSS) | E10: PaaS Storage | F10: 10 GB/mês | G10: 0.23 | H10: =G10*'Resumo Comparativo'!$B$5 -> 1.265 | I10: $0.023 por GB-mês
A11: AWS-04 | B11: Front-end Requests | C11: Amazon S3 Operations | D11: 50.000 GET + 5.000 PUT requests | E11: PaaS Ops | F11: 55k ops/mês | G11: 0.05 | H11: =G11*'Resumo Comparativo'!$B$5 -> 0.275 | I11: $0.0004/1k GET; $0.005/1k PUT
B12: SUBTOTAL: CDN & Distribuição | G12: =SUM(G15:G16) -> 13.14 | H12: =G12*'Resumo Comparativo'!$B$5 -> 72.27 | I12: Distribuição global com baixa latência
A13: AWS-05 | B13: CDN Data Egress | C13: Amazon CloudFront | D13: 100 GB Data Out + Certificado SSL (ACM) | E13: Edge / CDN | F13: 100 GB/mês | G13: 0 | H13: =G13*'Resumo Comparativo'!$B$5 -> 0 | I13: Coberto pelo Always Free Tier (até 1TB/mês)
A14: AWS-06 | B14: CDN HTTPS Requests | C14: Amazon CloudFront Ops | D14: 1.000.000 de requisições HTTPS | E14: Edge Ops | F14: 1M req/mês | G14: 1 | H14: =G14*'Resumo Comparativo'!$B$5 -> 5.5 | I14: $0.01 por 10k requisições (ou free no Free Tier)
B15: SUBTOTAL: Banco de Dados (DBaaS) | G15: =SUM(G20:G21) -> 0 | H15: =G15*'Resumo Comparativo'!$B$5 -> 0 | I15: PostgreSQL 16 Gerenciado com ACID estrito
A16: AWS-07 | B16: Banco PostgreSQL Compute | C16: Amazon RDS PostgreSQL | D16: db.t3.micro (Single-AZ, 2 vCPU, 1 GiB RAM) | E16: DBaaS | F16: 730 horas/mês | G16: 13.14 | H16: =G16*'Resumo Comparativo'!$B$5 -> 72.27 | I16: $0.018 por hora on-demand
A17: AWS-08 | B17: Banco PostgreSQL Storage | C17: Amazon RDS Storage (gp3) | D17: 20 GB gp3 Storage + Backup Automático Incluso | E17: DBaaS Storage | F17: 20 GB/mês | G17: 2.3 | H17: =G17*'Resumo Comparativo'!$B$5 -> 12.65 | I17: $0.115/GB-mês; backup retenção até 100% free
B18: SUBTOTAL: Monitoramento & Logs | G18: =G23 -> 13.84 | H18: =G18*'Resumo Comparativo'!$B$5 -> 76.12 | I18: Telemetria centralizada sem infra própria
A19: AWS-09 | B19: Telemetria & Alarmes | C19: Amazon CloudWatch | D19: 5 GB Logs PM2/Nginx + 3 Alarmes + Métricas | E19: SaaS | F19: 5 GB logs/mês | G19: 2.8 | H19: =G19*'Resumo Comparativo'!$B$5 -> 15.4 | I19: $0.50/GB log ingestão + $0.10/alarme padrão
A23: TOTAL | B23: CUSTO TOTAL MENSAL - CENÁRIO BASE (DBaaS Gerenciado) | G23: =G6+G11+G14+G19+G22 -> 13.84 | H23: =G23*'Resumo Comparativo'!$B$5 -> 76.12 | I23: Soma exata das 5 peças principais recomendadas
A25: SIMULAÇÃO ADICIONAL: PLANO B - ALTA DISPONIBILIDADE CONTÍNUA (STANDBY INSTANCE)
A26: AWS-10 | B26: Plano B: 2ª Instância Standby | C26: Amazon EC2 + EBS | D26: Segunda EC2 t3.micro (2 vCPU, 1GB RAM) + 30GB gp3 | E26: IaaS Standby | F26: 730 horas/mês | G26: =G23+9.99 -> 23.83 | H26: =G26*'Resumo Comparativo'!$B$5 -> 131.065 | I26: Instância em standby para failover contínuo em caso de falha da primária (+ $9.99/mês)
A28: SIMULAÇÃO COMPARATIVA: BANCO POSTGRESQL SELF-HOSTED (CENÁRIO ECONÔMICO)
A29: AWS-11 | B29: PostgreSQL Self-Hosted na EC2 | C29: EC2 Co-located / Local | D29: PostgreSQL instalado diretamente na EC2 t3.micro | E29: IaaS | F29: Compartilhado | G29: =G6+G11+G14+G22+0 -> 11.04 | H29: =G29*'Resumo Comparativo'!$B$5 -> 60.72 | I29: Economia de $15.44/mês ao eliminar o RDS, usando a mesma instância da API

Sheet Azure - Detalhamento
A1: MICROSOFT AZURE - DETALHAMENTO DE CUSTOS POR ITEM
A3: Região: East US (Virginia) | Calculadora Oficial: https://azure.microsoft.com/en-us/pricing/calculator/ | Taxa de Câmbio: ='Resumo Comparativo'!$B$5
A5: ID | B5: Componente Arquitetura | C5: Serviço no Provedor | D5: Especificação / Configuração | E5: Modelo | F5: Quantidade / Uso | G5: Custo Mensal (USD) | H5: Custo Mensal (BRL) | I5: Notas Técnicas & Racional
B6: SUBTOTAL: API & Compute (Back-end) | G6: =SUM(G7:G8) -> 9.99 | H6: =G6*'Resumo Comparativo'!$B$5 -> 54.945 | I6: Azure Virtual Machine B1s + Managed SSD
A7: AZ-01 | B7: API Back-end Compute | C7: Azure Virtual Machines | D7: B1s Burstable (1 vCPU, 1 GiB RAM, Linux Ubuntu) | E7: IaaS | F7: 730 horas/mês | G7: 7.59 | H7: =G7*'Resumo Comparativo'!$B$5 -> 41.745 | I7: Taxa pay-as-you-go em East US: ~$0.0104/hora
A8: AZ-02 | B8: API Storage Disco SO | C8: Azure Managed Disks | D8: 32 GB Standard SSD (E4 / P4 tier) | E8: IaaS Storage | F8: 32 GB/mês | G8: 2.4 | H8: =G8*'Resumo Comparativo'!$B$5 -> 13.2 | I8: Disco gerenciado de sistema operacional
B9: SUBTOTAL: Front-end Hosting | G9: =SUM(G12:G13) -> 21.1 | H9: =G9*'Resumo Comparativo'!$B$5 -> 116.05 | I9: Azure Blob Storage para SPA estática
A10: AZ-03 | B10: Front-end SPA Storage | C10: Azure Blob Storage | D10: 10 GB Standard Hot (LRS redundância local) | E10: PaaS Storage | F10: 10 GB/mês | G10: 0.18 | H10: =G10*'Resumo Comparativo'!$B$5 -> 0.99 | I10: $0.0184 por GB-mês
A11: AZ-04 | B11: Front-end Operations | C11: Azure Storage Ops | D11: 50.000 Leituras + 5.000 Escritas | E11: PaaS Ops | F11: 55k ops/mês | G11: 0.06 | H11: =G11*'Resumo Comparativo'!$B$5 -> 0.33 | I11: Taxas de transação de dados
B12: SUBTOTAL: CDN & Distribuição | G12: =SUM(G15:G16) -> 13 | H12: =G12*'Resumo Comparativo'!$B$5 -> 71.5 | I12: Entrega acelerada de conteúdo com SSL
A13: AZ-05 | B13: CDN Data Egress | C13: Azure CDN Standard | D13: 100 GB Data Out para Internet + HTTPS | E13: Edge / CDN | F13: 100 GB/mês | G13: 8.1 | H13: =G13*'Resumo Comparativo'!$B$5 -> 44.55 | I13: $0.081 por GB de saída (sem free tier de CDN)
A14: AZ-06 | B14: CDN Rules & SSL | C14: Azure CDN Profile | D14: Certificado SSL Gerenciado Gratuito | E14: Edge Config | F14: 1 Perfil | G14: 0 | H14: =G14*'Resumo Comparativo'!$B$5 -> 0 | I14: Incluso no perfil CDN Standard
B15: SUBTOTAL: Banco de Dados (DBaaS) | G15: =SUM(G20:G21) -> 0 | H15: =G15*'Resumo Comparativo'!$B$5 -> 0 | I15: Azure Database for PostgreSQL Flexible Server
A16: AZ-07 | B16: Banco PostgreSQL Compute | C16: Azure Database for PostgreSQL | D16: Flexible Server B1ms (1 vCPU, 2 GiB RAM) | E16: DBaaS | F16: 730 horas/mês | G16: 13 | H16: =G16*'Resumo Comparativo'!$B$5 -> 71.5 | I16: Vantagem de 2GB RAM em relação à AWS/GCP
A17: AZ-08 | B17: Banco PostgreSQL Storage | C17: Azure Managed DB Storage | D17: 32 GB Standard Storage + Backups inclusos | E17: DBaaS Storage | F17: 32 GB/mês | G17: 3.68 | H17: =G17*'Resumo Comparativo'!$B$5 -> 20.24 | I17: $0.115/GB-mês provisionado
B18: SUBTOTAL: Monitoramento & Logs | G18: =G23 -> 11.55 | H18: =G18*'Resumo Comparativo'!$B$5 -> 63.525 | I18: Azure Monitor Log Analytics
A19: AZ-09 | B19: Telemetria & Alarmes | C19: Azure Monitor | D19: 5 GB Log Ingestion + Métricas básicas de VM | E19: SaaS | F19: 5 GB logs/mês | G19: 1.5 | H19: =G19*'Resumo Comparativo'!$B$5 -> 8.25 | I19: 5GB/mês gratuitos; alertas métricos básicos inclusos
A23: TOTAL | B23: CUSTO TOTAL MENSAL - CENÁRIO BASE (DBaaS Gerenciado) | G23: =G6+G11+G14+G19+G22 -> 11.55 | H23: =G23*'Resumo Comparativo'!$B$5 -> 63.525 | I23: Soma exata das 5 peças principais recomendadas
A25: SIMULAÇÃO ADICIONAL: PLANO B - ALTA DISPONIBILIDADE CONTÍNUA (STANDBY INSTANCE)
A26: AZ-10 | B26: Plano B: 2ª Instância Standby | C26: Azure Virtual Machine + Disk | D26: Segunda VM B1s (1 vCPU, 1GB RAM) + 32GB SSD | E26: IaaS Standby | F26: 730 horas/mês | G26: =G23+9.99 -> 21.54 | H26: =G26*'Resumo Comparativo'!$B$5 -> 118.47 | I26: Segunda máquina virtual para replicação e failover (+ $9.99/mês)
A28: SIMULAÇÃO COMPARATIVA: BANCO POSTGRESQL SELF-HOSTED (CENÁRIO ECONÔMICO)
A29: AZ-11 | B29: PostgreSQL Self-Hosted na VM | C29: Azure VM Co-located | D29: PostgreSQL instalado diretamente na VM B1s | E29: IaaS | F29: Compartilhado | G29: =G6+G11+G14+G22+0 -> 10.05 | H29: =G29*'Resumo Comparativo'!$B$5 -> 55.275 | I29: Economia de $16.68/mês ao eliminar o Flexible Server

Sheet GCP - Detalhamento
A1: GOOGLE CLOUD PLATFORM (GCP) - DETALHAMENTO DE CUSTOS POR ITEM
A3: Região: us-central1 (Iowa) | Calculadora Oficial: https://cloud.google.com/products/calculator | Taxa de Câmbio: ='Resumo Comparativo'!$B$5
A5: ID | B5: Componente Arquitetura | C5: Serviço no Provedor | D5: Especificação / Configuração | E5: Modelo | F5: Quantidade / Uso | G5: Custo Mensal (USD) | H5: Custo Mensal (BRL) | I5: Notas Técnicas & Racional
B6: SUBTOTAL: API & Compute (Back-end) | G6: =SUM(G7:G8) -> 9.11 | H6: =G6*'Resumo Comparativo'!$B$5 -> 50.105 | I6: Compute Engine e2-micro + Balanced Persistent Disk
A7: GCP-01 | B7: API Back-end Compute | C7: Compute Engine | D7: e2-micro (2 vCPU burst, 1 GiB RAM, Linux Ubuntu) | E7: IaaS | F7: 730 horas/mês | G7: 6.11 | H7: =G7*'Resumo Comparativo'!$B$5 -> 33.605 | I7: Taxa on-demand padrão em us-central1 (Iowa)
A8: GCP-02 | B8: API Storage Disco SO | C8: Balanced Persistent Disk | D8: 30 GB Balanced PD Storage | E8: IaaS Storage | F8: 30 GB/mês | G8: 3 | H8: =G8*'Resumo Comparativo'!$B$5 -> 16.5 | I8: $0.10 por GB-mês
B9: SUBTOTAL: Front-end Hosting | G9: =SUM(G12:G13) -> 15.67 | H9: =G9*'Resumo Comparativo'!$B$5 -> 86.185 | I9: Google Cloud Storage para SPA estática
A10: GCP-03 | B10: Front-end SPA Storage | C10: Cloud Storage Standard | D10: 10 GB Standard Storage Class | E10: PaaS Storage | F10: 10 GB/mês | G10: 0.2 | H10: =G10*'Resumo Comparativo'!$B$5 -> 1.1 | I10: $0.020 por GB-mês
A11: GCP-04 | B11: Front-end Operations | C11: Cloud Storage Ops | D11: 50.000 Classe B (Leitura) + 5.000 Classe A (Escrita) | E11: PaaS Ops | F11: 55k ops/mês | G11: 0.04 | H11: =G11*'Resumo Comparativo'!$B$5 -> 0.22 | I11: $0.0004/10k Classe B; $0.005/1k Classe A
B12: SUBTOTAL: CDN & Distribuição | G12: =SUM(G15:G16) -> 7.67 | H12: =G12*'Resumo Comparativo'!$B$5 -> 42.185 | I12: Cloud CDN integrado com Cloud Load Balancing
A13: GCP-05 | B13: CDN Cache Egress | C13: Cloud CDN | D13: 100 GB Cache Egress para Internet | E13: Edge / CDN | F13: 100 GB/mês | G13: 8 | H13: =G13*'Resumo Comparativo'!$B$5 -> 44 | I13: $0.08 por GB de saída de cache
A14: GCP-06 | B14: Load Balancer Frontend | C14: External HTTP(S) LB | D14: Forwarding Rules + Certificado SSL Gerenciado | E14: Network / Edge | F14: 730 horas/mês | G14: 2.5 | H14: =G14*'Resumo Comparativo'!$B$5 -> 13.75 | I14: Regra de encaminhamento compartilhado / CDN
B15: SUBTOTAL: Banco de Dados (DBaaS) | G15: =SUM(G20:G21) -> 0 | H15: =G15*'Resumo Comparativo'!$B$5 -> 0 | I15: Cloud SQL for PostgreSQL Gerenciado
A16: GCP-07 | B16: Banco PostgreSQL Compute | C16: Cloud SQL for PostgreSQL | D16: db-f1-micro (Shared Core vCPU, 0.6 GiB RAM) | E16: DBaaS | F16: 730 horas/mês | G16: 7.67 | H16: =G16*'Resumo Comparativo'!$B$5 -> 42.185 | I16: $0.0105 por hora (instância leve para microcargas)
A17: GCP-08 | B17: Banco PostgreSQL Storage | C17: Cloud SQL SSD Storage | D17: 20 GB SSD Storage + Backups Automáticos | E17: DBaaS Storage | F17: 20 GB/mês | G17: 5 | H17: =G17*'Resumo Comparativo'!$B$5 -> 27.5 | I17: 20GB SSD ($3.40) + 20GB Backup Retention ($1.60)
B18: SUBTOTAL: Monitoramento & Logs | G18: =G23 -> 11.65 | H18: =G18*'Resumo Comparativo'!$B$5 -> 64.075 | I18: Cloud Logging & Cloud Monitoring
A19: GCP-09 | B19: Telemetria & Alarmes | C19: Cloud Logging & Monitoring | D19: 5 GB Logs + Métricas do GCE | E19: SaaS | F19: 5 GB logs/mês | G19: 0 | H19: =G19*'Resumo Comparativo'!$B$5 -> 0 | I19: Até 50 GiB/mês inclusos no Always Free Tier da GCP
A23: TOTAL | B23: CUSTO TOTAL MENSAL - CENÁRIO BASE (DBaaS Gerenciado) | G23: =G6+G11+G14+G19+G22 -> 11.65 | H23: =G23*'Resumo Comparativo'!$B$5 -> 64.075 | I23: Soma exata das 5 peças principais recomendadas
A25: SIMULAÇÃO ADICIONAL: PLANO B - ALTA DISPONIBILIDADE CONTÍNUA (STANDBY INSTANCE)
A26: GCP-10 | B26: Plano B: 2ª Instância Standby | C26: Compute Engine + PD | D26: Segunda e2-micro (2 vCPU, 1GB RAM) + 30GB PD | E26: IaaS Standby | F26: 730 horas/mês | G26: =G23+9.11 -> 20.76 | H26: =G26*'Resumo Comparativo'!$B$5 -> 114.18 | I26: Segunda instância para failover contínuo (+ $9.11/mês)
A28: SIMULAÇÃO COMPARATIVA: BANCO POSTGRESQL SELF-HOSTED (CENÁRIO ECONÔMICO)
A29: GCP-11 | B29: PostgreSQL Self-Hosted no GCE | C29: Compute Engine Co-located | D29: PostgreSQL instalado diretamente na GCE e2-micro | E29: IaaS | F29: Compartilhado | G29: =G6+G11+G14+G22+0 -> 11.65 | H29: =G29*'Resumo Comparativo'!$B$5 -> 64.075 | I29: Economia de $12.67/mês ao eliminar o Cloud SQL

Sheet Prints & Evidências
A1: EVIDÊNCIAS E COMPROVANTES VISUAIS DAS SIMULAÇÕES EM NUVEM
A3: Artefatos visuais e prints de auditoria gerados para a simulação dos três provedores | Projeto Soufer Tools
A4: Dashboard Executivo Comparativo | E4: Simulação AWS Pricing Calculator (EC2 + RDS + S3 + CloudFront)
A29: Simulação Microsoft Azure Pricing Calculator (VM + DB + Blob + CDN) | E29: Simulação Google Cloud Pricing Calculator (GCE + Cloud SQL + GCS + CDN)
